{
  "timestamp": "2025-03-16 02:58:25",
  "direct_api": {
    "total_time_sec": 9.615050077438354,
    "total_queries": 15,
    "queries_per_second": 1.5600542773248152,
    "avg_response_time_sec": 1.696701176961263,
    "p95_response_time_sec": 1.696701176961263,
    "p99_response_time_sec": 1.696701176961263
  },
  "afp_api": {
    "total_time_sec": 8.839866399765015,
    "total_queries": 15,
    "queries_per_second": 1.696858224056275,
    "avg_response_time_sec": 1.6795629819234212,
    "p95_response_time_sec": 1.6795629819234212,
    "p99_response_time_sec": 1.6795629819234212
  },
  "direct_workflow": {
    "total_time_sec": 15.66577959060669,
    "num_tasks": 5,
    "tasks_per_second": 0.3191670080050172,
    "avg_task_time_sec": 3.1327558517456056,
    "p95_task_time_sec": 3.1327558517456056
  },
  "afp_workflow": {
    "total_time_sec": 16.159152507781982,
    "num_tasks": 5,
    "tasks_per_second": 0.30942216787619786,
    "avg_task_time_sec": 2.9197736263275145,
    "p95_task_time_sec": 2.9197736263275145
  },
  "comparison": {
    "api_throughput_change_percent": 8.769178657427974,
    "api_response_time_change_percent": -1.0100891819109659,
    "workflow_throughput_change_percent": -3.0532103520756557,
    "workflow_task_time_change_percent": -6.798558058695033
  }
}