{
  "system_info": {
    "platform": "Windows-11-10.0.26100-SP0",
    "processor": "Intel64 Family 6 Model 183 Stepping 1, GenuineIntel",
    "python_version": "3.12.3"
  },
  "sequential_tests": {
    "with_api_time": {
      "simple": {
        "response_times": [
          2.453484296798706,
          2.5216877460479736,
          7.385914325714111,
          2.102064609527588,
          5.323745489120483,
          1.8401079177856445
        ],
        "avg_response_time": 3.604500730832418,
        "total_time": 21.63234543800354,
        "throughput": 0.27736243474825645
      },
      "afp": {
        "response_times": [
          2.3305399417877197,
          2.4695916175842285,
          7.67450737953186,
          2.2895400524139404,
          5.371642827987671,
          1.6788458824157715
        ],
        "avg_response_time": 3.6357779502868652,
        "total_time": 21.818225622177124,
        "throughput": 0.274999447888251
      },
      "improvements": {
        "response_time_percent": -0.867726816835023,
        "throughput_percent": -0.8519491336850263
      }
    },
    "framework_overhead_only": {
      "simple": {
        "overhead_times": [
          1.3112034797668457,
          2.112344980239868,
          6.98571515083313,
          1.0279877185821533,
          4.927513360977173,
          1.397897720336914
        ],
        "avg_overhead_time": 2.9604437351226807,
        "total_overhead_time": 17.768003463745117,
        "overhead_throughput": 0.33768566132051664
      },
      "afp": {
        "overhead_times": [
          0.0,
          0.0003609657287597656,
          0.0003311634063720703,
          0.0015294551849365234,
          0.0015187263488769531,
          0.0
        ],
        "avg_overhead_time": 0.0006233851114908854,
        "total_overhead_time": 0.00729823112487793,
        "overhead_throughput": 822.1170167586815
      },
      "improvements": {
        "overhead_time_percent": 99.97894284886772,
        "overhead_throughput_percent": 243356.30002286762
      }
    }
  }
}